Country,Wave,Age_Group,B001,B002,B003,B008
ALB,3,1,,57.45164960182025,,44.66130884041332
ALB,3,2,,57.45164960182025,,44.66130884041332
ALB,3,3,,57.45164960182025,,44.66130884041332
ALB,4,1,70.1098901098901,62.60964912280702,62.84454244762955,47.576099210822996
ALB,4,2,70.1098901098901,62.60964912280702,62.84454244762955,47.576099210822996
ALB,4,3,70.1098901098901,62.60964912280702,62.84454244762955,47.576099210822996
AND,5,1,62.81661600810538,62.903225806451616,68.92028254288597,83.82204246713853
AND,5,2,62.81661600810538,62.903225806451616,68.92028254288597,83.82204246713853
AND,5,3,62.81661600810538,62.903225806451616,68.92028254288597,83.82204246713853
AND,7,1,,,,74.31192660550458
AND,7,2,,,,74.31192660550458
AND,7,3,,,,74.31192660550458
ARG,2,1,62.097611630321914,50.2606882168926,71.74139728884255,
ARG,2,2,62.097611630321914,50.2606882168926,71.74139728884255,
ARG,2,3,62.097611630321914,50.2606882168926,71.74139728884255,
ARG,3,1,,46.57142857142857,,44.45534838076546
ARG,3,2,,46.57142857142857,,44.45534838076546
ARG,3,3,,46.57142857142857,,44.45534838076546
ARG,4,1,66.77551020408163,41.26333059885152,86.46677471636953,45.4390451832907
ARG,4,2,66.77551020408163,41.26333059885152,86.46677471636953,45.4390451832907
ARG,4,3,66.77551020408163,41.26333059885152,86.46677471636953,45.4390451832907
ARG,5,1,56.45330535152151,43.78265412748171,86.72936259143155,73.70689655172413
ARG,5,2,56.45330535152151,43.78265412748171,86.72936259143155,73.70689655172413
ARG,5,3,56.45330535152151,43.78265412748171,86.72936259143155,73.70689655172413
ARG,6,1,,,,61.430119176598055
ARG,6,2,,,,61.430119176598055
ARG,6,3,,,,61.430119176598055
ARG,7,1,,,,47.344632768361585
ARG,7,2,,,,47.344632768361585
ARG,7,3,,,,47.344632768361585
ARM,3,1,,56.92549842602308,,43.96999422965955
ARM,3,2,,56.92549842602308,,43.96999422965955
ARM,3,3,,56.92549842602308,,43.96999422965955
ARM,6,1,,,,43.8877755511022
ARM,6,2,,,,43.8877755511022
ARM,6,3,,,,43.8877755511022
ARM,7,1,,,,50.04262574595055
ARM,7,2,,,,50.04262574595055
ARM,7,3,,,,50.04262574595055
AUS,3,1,,68.70342771982116,,61.243052046488124
AUS,3,2,,68.70342771982116,,61.243052046488124
AUS,3,3,,68.70342771982116,,61.243052046488124
AUS,5,1,58.972503617945,58.152958152958156,62.725306416726745,67.34545454545454
AUS,5,2,58.972503617945,58.152958152958156,62.725306416726745,67.34545454545454
AUS,5,3,58.972503617945,58.152958152958156,62.725306416726745,67.34545454545454
AUS,6,1,,,,60.59147180192572
AUS,6,2,,,,60.59147180192572
AUS,6,3,,,,60.59147180192572
AUS,7,1,,,,67.32617297908423
AUS,7,2,,,,67.32617297908423
AUS,7,3,,,,67.32617297908423
AZE,3,1,,54.87674169346195,,50.169875424688556
AZE,3,2,,54.87674169346195,,50.169875424688556
AZE,3,3,,54.87674169346195,,50.169875424688556
AZE,6,1,,,,34.90471414242728
AZE,6,2,,,,34.90471414242728
AZE,6,3,,,,34.90471414242728
BFA,5,1,80.49132947976878,75.26804860614725,71.41833810888252,55.700325732899024
BFA,5,2,80.49132947976878,75.26804860614725,71.41833810888252,55.700325732899024
BFA,5,3,80.49132947976878,75.26804860614725,71.41833810888252,55.700325732899024
BGD,3,1,,89.11111111111111,,45.881447267128564
BGD,3,2,,89.11111111111111,,45.881447267128564
BGD,3,3,,89.11111111111111,,45.881447267128564
BGD,4,1,79.44606413994168,75.80174927113703,96.41891891891892,54.90196078431373
BGD,4,2,79.44606413994168,75.80174927113703,96.41891891891892,54.90196078431373
BGD,4,3,79.44606413994168,75.80174927113703,96.41891891891892,54.90196078431373
BGD,7,1,,,,47.65694076038904
BGD,7,2,,,,47.65694076038904
BGD,7,3,,,,47.65694076038904
BGR,3,1,,61.795166858457996,,43.324607329842934
BGR,3,2,,61.795166858457996,,43.324607329842934
BGR,3,3,,61.795166858457996,,43.324607329842934
BGR,5,1,57.27069351230425,51.118568232662184,76.42543859649122,46.98224852071006
BGR,5,2,57.27069351230425,51.118568232662184,76.42543859649122,46.98224852071006
BGR,5,3,57.27069351230425,51.118568232662184,76.42543859649122,46.98224852071006
BIH,3,1,,65.70175438596492,,42.65927977839335
BIH,3,2,,65.70175438596492,,42.65927977839335
BIH,3,3,,65.70175438596492,,42.65927977839335
BIH,4,1,75.66867989646246,70.34482758620689,62.7906976744186,42.297650130548305
BIH,4,2,75.66867989646246,70.34482758620689,62.7906976744186,42.297650130548305
BIH,4,3,75.66867989646246,70.34482758620689,62.7906976744186,42.297650130548305
BLR,2,1,,67.24313326551373,,
BLR,2,2,,67.24313326551373,,
BLR,2,3,,67.24313326551373,,
BLR,3,1,,66.24737945492663,,57.629960871995536
BLR,3,2,,66.24737945492663,,57.629960871995536
BLR,3,3,,66.24737945492663,,57.629960871995536
BLR,6,1,,,,58.032128514056225
BLR,6,2,,,,58.032128514056225
BLR,6,3,,,,58.032128514056225
BOL,7,1,,,,73.41961174713788
BOL,7,2,,,,73.41961174713788
BOL,7,3,,,,73.41961174713788
BRA,2,1,72.7013135351228,71.15933752141633,64.63834672789896,
BRA,2,2,72.7013135351228,71.15933752141633,64.63834672789896,
BRA,2,3,72.7013135351228,71.15933752141633,64.63834672789896,
BRA,3,1,,73.1211317418214,,49.00181488203267
BRA,3,2,,73.1211317418214,,49.00181488203267
BRA,3,3,,73.1211317418214,,49.00181488203267
BRA,5,1,52.98057602143336,50.033534540576795,81.67785234899328,63.617318435754186
BRA,5,2,52.98057602143336,50.033534540576795,81.67785234899328,63.617318435754186
BRA,5,3,52.98057602143336,50.033534540576795,81.67785234899328,63.617318435754186
BRA,6,1,,,,65.8625730994152
BRA,6,2,,,,65.8625730994152
BRA,6,3,,,,65.8625730994152
BRA,7,1,,,,64.4878706199461
BRA,7,2,,,,64.4878706199461
BRA,7,3,,,,64.4878706199461
CAN,4,1,69.65699208443272,59.40803382663847,63.72289793759916,63.25203252032521
CAN,4,2,69.65699208443272,59.40803382663847,63.72289793759916,63.25203252032521
CAN,4,3,69.65699208443272,59.40803382663847,63.72289793759916,63.25203252032521
CAN,5,1,70.25986525505293,63.73679154658982,65.30805687203791,70.56213017751479
CAN,5,2,70.25986525505293,63.73679154658982,65.30805687203791,70.56213017751479
CAN,5,3,70.25986525505293,63.73679154658982,65.30805687203791,70.56213017751479
CAN,7,1,,,,61.24937779990045
CAN,7,2,,,,61.24937779990045
CAN,7,3,,,,61.24937779990045
CHE,3,1,,43.005181347150256,,43.027522935779814
CHE,3,2,,43.005181347150256,,43.027522935779814
CHE,3,3,,43.005181347150256,,43.027522935779814
CHE,5,1,64.51349141455437,59.721082854799015,48.72006606110653,74.57482993197279
CHE,5,2,64.51349141455437,59.721082854799015,48.72006606110653,74.57482993197279
CHE,5,3,64.51349141455437,59.721082854799015,48.72006606110653,74.57482993197279
CHL,2,1,84.23545331529093,76.16120218579235,57.865937072503414,
CHL,2,2,84.23545331529093,76.16120218579235,57.865937072503414,
CHL,2,3,84.23545331529093,76.16120218579235,57.865937072503414,
CHL,3,1,,60.550458715596335,,56.18556701030928
CHL,3,2,,60.550458715596335,,56.18556701030928
CHL,3,3,,60.550458715596335,,56.18556701030928
CHL,4,1,70.35132819194516,62.71331058020478,73.51676698194325,50.78260869565218
CHL,4,2,70.35132819194516,62.71331058020478,73.51676698194325,50.78260869565218
CHL,4,3,70.35132819194516,62.71331058020478,73.51676698194325,50.78260869565218
CHL,5,1,56.85441020191286,52.53699788583509,84.3558282208589,67.74541531823085
CHL,5,2,56.85441020191286,52.53699788583509,84.3558282208589,67.74541531823085
CHL,5,3,56.85441020191286,52.53699788583509,84.3558282208589,67.74541531823085
CHL,6,1,,,,70.50739957716702
CHL,6,2,,,,70.50739957716702
CHL,6,3,,,,70.50739957716702
CHL,7,1,,,,56.33507853403141
CHL,7,2,,,,56.33507853403141
CHL,7,3,,,,56.33507853403141
CHN,2,1,77.9835390946502,82.4074074074074,46.10655737704918,
CHN,2,2,77.9835390946502,82.4074074074074,46.10655737704918,
CHN,2,3,77.9835390946502,82.4074074074074,46.10655737704918,
CHN,3,1,,82.9090909090909,,60.31372549019608
CHN,3,2,,82.9090909090909,,60.31372549019608
CHN,3,3,,82.9090909090909,,60.31372549019608
CHN,4,1,81.9910514541387,74.3413516609393,35.67383918459796,60.726846424384526
CHN,4,2,81.9910514541387,74.3413516609393,35.67383918459796,60.726846424384526
CHN,4,3,81.9910514541387,74.3413516609393,35.67383918459796,60.726846424384526
CHN,5,1,82.28369629193644,73.96520695860828,40.35608308605341,64.57925636007828
CHN,5,2,82.28369629193644,73.96520695860828,40.35608308605341,64.57925636007828
CHN,5,3,82.28369629193644,73.96520695860828,40.35608308605341,64.57925636007828
CHN,6,1,,,,65.70561456752657
CHN,6,2,,,,65.70561456752657
CHN,6,3,,,,65.70561456752657
CHN,7,1,,,,68.71880199667221
CHN,7,2,,,,68.71880199667221
CHN,7,3,,,,68.71880199667221
COL,3,1,,67.39495798319328,,
COL,3,2,,67.39495798319328,,
COL,3,3,,67.39495798319328,,
COL,5,1,,,,69.93702353331123
COL,5,2,,,,69.93702353331123
COL,5,3,,,,69.93702353331123
COL,6,1,,,,67.98657718120805
COL,6,2,,,,67.98657718120805
COL,6,3,,,,67.98657718120805
COL,7,1,,,,69.66887417218544
COL,7,2,,,,69.66887417218544
COL,7,3,,,,69.66887417218544
CYP,5,1,73.35243553008596,63.132760267430754,69.40726577437859,63.55769230769231
CYP,5,2,73.35243553008596,63.132760267430754,69.40726577437859,63.55769230769231
CYP,5,3,73.35243553008596,63.132760267430754,69.40726577437859,63.55769230769231
CYP,6,1,,,,45.11201629327902
CYP,6,2,,,,45.11201629327902
CYP,6,3,,,,45.11201629327902
CYP,7,1,,,,52.18818380743983
CYP,7,2,,,,52.18818380743983
CYP,7,3,,,,52.18818380743983
CZE,2,1,80.931744312026,71.72264355362947,39.54496208017335,
CZE,2,2,80.931744312026,71.72264355362947,39.54496208017335,
CZE,2,3,80.931744312026,71.72264355362947,39.54496208017335,
CZE,3,1,,64.70588235294117,,52.924528301886795
CZE,3,2,,64.70588235294117,,52.924528301886795
CZE,3,3,,64.70588235294117,,52.924528301886795
CZE,7,1,,,,46.98795180722892
CZE,7,2,,,,46.98795180722892
CZE,7,3,,,,46.98795180722892
DEU,3,1,,65.37882589061716,,39.46280991735537
DEU,3,2,,65.37882589061716,,39.46280991735537
DEU,3,3,,65.37882589061716,,39.46280991735537
DEU,5,1,35.35769428718476,26.36409994900561,75.84638706417383,36.627906976744185
DEU,5,2,35.35769428718476,26.36409994900561,75.84638706417383,36.627906976744185
DEU,5,3,35.35769428718476,26.36409994900561,75.84638706417383,36.627906976744185
DEU,6,1,,,,47.0440881763527
DEU,6,2,,,,47.0440881763527
DEU,6,3,,,,47.0440881763527
DEU,7,1,,,,66.46090534979425
DEU,7,2,,,,66.46090534979425
DEU,7,3,,,,66.46090534979425
DOM,3,1,,86.24078624078624,,71.76165803108809
DOM,3,2,,86.24078624078624,,71.76165803108809
DOM,3,3,,86.24078624078624,,71.76165803108809
DZA,4,1,,,,33.572068039391226
DZA,4,2,,,,33.572068039391226
DZA,4,3,,,,33.572068039391226
DZA,6,1,,,,38.265306122448976
DZA,6,2,,,,38.265306122448976
DZA,6,3,,,,38.265306122448976
ECU,6,1,,,,62.214708368554525
ECU,6,2,,,,62.214708368554525
ECU,6,3,,,,62.214708368554525
ECU,7,1,,,,57.19207579672696
ECU,7,2,,,,57.19207579672696
ECU,7,3,,,,57.19207579672696
EGY,4,1,,,,51.461202552905604
EGY,4,2,,,,51.461202552905604
EGY,4,3,,,,51.461202552905604
EGY,5,1,48.68593955321945,30.83278255122274,87.10526315789474,44.87053425106522
EGY,5,2,48.68593955321945,30.83278255122274,87.10526315789474,44.87053425106522
EGY,5,3,48.68593955321945,30.83278255122274,87.10526315789474,44.87053425106522
EGY,6,1,,,,32.10768220617203
EGY,6,2,,,,32.10768220617203
EGY,6,3,,,,32.10768220617203
EGY,7,1,,,,35.88290840415486
EGY,7,2,,,,35.88290840415486
EGY,7,3,,,,35.88290840415486
ESP,2,1,73.63896848137536,60.61036195883606,76.26760563380282,
ESP,2,2,73.63896848137536,60.61036195883606,76.26760563380282,
ESP,2,3,73.63896848137536,60.61036195883606,76.26760563380282,
ESP,3,1,,68.08326105810927,,55.054151624548744
ESP,3,2,,68.08326105810927,,55.054151624548744
ESP,3,3,,68.08326105810927,,55.054151624548744
ESP,4,1,59.154929577464785,50.219876868953385,91.0333048676345,53.29008341056534
ESP,4,2,59.154929577464785,50.219876868953385,91.0333048676345,53.29008341056534
ESP,4,3,59.154929577464785,50.219876868953385,91.0333048676345,53.29008341056534
ESP,5,1,48.947849954254345,47.315741583257505,90.4170363797693,63.92045454545454
ESP,5,2,48.947849954254345,47.315741583257505,90.4170363797693,63.92045454545454
ESP,5,3,48.947849954254345,47.315741583257505,90.4170363797693,63.92045454545454
ESP,6,1,,,,37.31077471059662
ESP,6,2,,,,37.31077471059662
ESP,6,3,,,,37.31077471059662
EST,3,1,,59.09090909090909,,44.70338983050847
EST,3,2,,59.09090909090909,,44.70338983050847
EST,3,3,,59.09090909090909,,44.70338983050847
EST,6,1,,,,51.442646023926805
EST,6,2,,,,51.442646023926805
EST,6,3,,,,51.442646023926805
ETH,5,1,79.3220338983051,73.46938775510205,56.152277362338545,23.022598870056495
ETH,5,2,79.3220338983051,73.46938775510205,56.152277362338545,23.022598870056495
ETH,5,3,79.3220338983051,73.46938775510205,56.152277362338545,23.022598870056495
ETH,7,1,,,,46.71654197838737
ETH,7,2,,,,46.71654197838737
ETH,7,3,,,,46.71654197838737
FIN,3,1,,55.05154639175258,,43.25481798715203
FIN,3,2,,55.05154639175258,,43.25481798715203
FIN,3,3,,55.05154639175258,,43.25481798715203
FIN,5,1,57.214428857715426,57.21493440968718,51.53061224489795,65.60000000000001
FIN,5,2,57.214428857715426,57.21493440968718,51.53061224489795,65.60000000000001
FIN,5,3,57.214428857715426,57.21493440968718,51.53061224489795,65.60000000000001
FRA,5,1,,,,53.99792315680166
FRA,5,2,,,,53.99792315680166
FRA,5,3,,,,53.99792315680166
GBR,5,1,,,,60.97560975609756
GBR,5,2,,,,60.97560975609756
GBR,5,3,,,,60.97560975609756
GBR,7,1,,,,67.17680225533628
GBR,7,2,,,,67.17680225533628
GBR,7,3,,,,67.17680225533628
GEO,3,1,,68.87966804979253,,63.96396396396396
GEO,3,2,,68.87966804979253,,63.96396396396396
GEO,3,3,,68.87966804979253,,63.96396396396396
GEO,5,1,78.0852655198205,46.970889063729345,77.53891771682729,57.466770914777165
GEO,5,2,78.0852655198205,46.970889063729345,77.53891771682729,57.466770914777165
GEO,5,3,78.0852655198205,46.970889063729345,77.53891771682729,57.466770914777165
GEO,6,1,,,,60.580204778157
GEO,6,2,,,,60.580204778157
GEO,6,3,,,,60.580204778157
GHA,5,1,82.90258449304176,74.35215946843854,52.050264550264544,47.88732394366197
GHA,5,2,82.90258449304176,74.35215946843854,52.050264550264544,47.88732394366197
GHA,5,3,82.90258449304176,74.35215946843854,52.050264550264544,47.88732394366197
GHA,6,1,,,,49.677835051546396
GHA,6,2,,,,49.677835051546396
GHA,6,3,,,,49.677835051546396
GRC,7,1,,,,56.754306436990035
GRC,7,2,,,,56.754306436990035
GRC,7,3,,,,56.754306436990035
GTM,5,1,84.61538461538461,63.19514661274014,80.2020202020202,61.8421052631579
GTM,5,2,84.61538461538461,63.19514661274014,80.2020202020202,61.8421052631579
GTM,5,3,84.61538461538461,63.19514661274014,80.2020202020202,61.8421052631579
GTM,7,1,,,,58.993399339933994
GTM,7,2,,,,58.993399339933994
GTM,7,3,,,,58.993399339933994
HKG,5,1,63.183673469387756,57.27124183006536,52.743652743652746,40.419947506561684
HKG,5,2,63.183673469387756,57.27124183006536,52.743652743652746,40.419947506561684
HKG,5,3,63.183673469387756,57.27124183006536,52.743652743652746,40.419947506561684
HKG,6,1,,,,58.717434869739485
HKG,6,2,,,,58.717434869739485
HKG,6,3,,,,58.717434869739485
HKG,7,1,,,,53.90208434318953
HKG,7,2,,,,53.90208434318953
HKG,7,3,,,,53.90208434318953
HRV,3,1,,67.13286713286713,,58.883720930232556
HRV,3,2,,67.13286713286713,,58.883720930232556
HRV,3,3,,67.13286713286713,,58.883720930232556
HTI,6,1,,,,3.8839979285344386
HTI,6,2,,,,3.8839979285344386
HTI,6,3,,,,3.8839979285344386
HUN,3,1,,41.44,,31.36
HUN,3,2,,41.44,,31.36
HUN,3,3,,41.44,,31.36
HUN,5,1,45.29652351738241,41.15853658536585,79.67313585291113,49.52879581151832
HUN,5,2,45.29652351738241,41.15853658536585,79.67313585291113,49.52879581151832
HUN,5,3,45.29652351738241,41.15853658536585,79.67313585291113,49.52879581151832
IDN,5,1,72.23113964686998,58.97435897435898,87.7720207253886,34.67889908256881
IDN,5,2,72.23113964686998,58.97435897435898,87.7720207253886,34.67889908256881
IDN,5,3,72.23113964686998,58.97435897435898,87.7720207253886,34.67889908256881
IDN,7,1,,,,73.3607855559075
IDN,7,2,,,,73.3607855559075
IDN,7,3,,,,73.3607855559075
IND,2,1,80.81960287283482,66.0,52.31871838111298,
IND,2,2,80.81960287283482,66.0,52.31871838111298,
IND,2,3,80.81960287283482,66.0,52.31871838111298,
IND,3,1,,55.304878048780495,,28.708133971291865
IND,3,2,,55.304878048780495,,28.708133971291865
IND,3,3,,55.304878048780495,,28.708133971291865
IND,4,1,67.02775897088694,52.94117647058824,55.16542876434841,48.10126582278481
IND,4,2,67.02775897088694,52.94117647058824,55.16542876434841,48.10126582278481
IND,4,3,67.02775897088694,52.94117647058824,55.16542876434841,48.10126582278481
IND,5,1,68.03499327052491,61.937244201909955,63.56382978723404,52.45786516853933
IND,5,2,68.03499327052491,61.937244201909955,63.56382978723404,52.45786516853933
IND,5,3,68.03499327052491,61.937244201909955,63.56382978723404,52.45786516853933
IND,6,1,,,,69.83289357959542
IND,6,2,,,,69.83289357959542
IND,6,3,,,,69.83289357959542
IND,7,1,,,,57.57372654155496
IND,7,2,,,,57.57372654155496
IND,7,3,,,,57.57372654155496
IRN,4,1,,,,45.4900048756704
IRN,4,2,,,,45.4900048756704
IRN,4,3,,,,45.4900048756704
IRN,5,1,84.79488144523899,77.24528301886792,91.30598419269853,48.189096454441476
IRN,5,2,84.79488144523899,77.24528301886792,91.30598419269853,48.189096454441476
IRN,5,3,84.79488144523899,77.24528301886792,91.30598419269853,48.189096454441476
IRN,7,1,,,,65.34320323014805
IRN,7,2,,,,65.34320323014805
IRN,7,3,,,,65.34320323014805
IRQ,6,1,,,,44.329896907216494
IRQ,6,2,,,,44.329896907216494
IRQ,6,3,,,,44.329896907216494
IRQ,7,1,,,,43.166666666666664
IRQ,7,2,,,,43.166666666666664
IRQ,7,3,,,,43.166666666666664
ISR,4,1,,,,32.036199095022624
ISR,4,2,,,,32.036199095022624
ISR,4,3,,,,32.036199095022624
ITA,5,1,61.39784946236559,52.054794520547944,89.57688338493293,60.85011185682326
ITA,5,2,61.39784946236559,52.054794520547944,89.57688338493293,60.85011185682326
ITA,5,3,61.39784946236559,52.054794520547944,89.57688338493293,60.85011185682326
JOR,4,1,,,,53.431798436142486
JOR,4,2,,,,53.431798436142486
JOR,4,3,,,,53.431798436142486
JOR,5,1,72.92202227934875,44.67353951890035,91.36752136752136,54.664341761115956
JOR,5,2,72.92202227934875,44.67353951890035,91.36752136752136,54.664341761115956
JOR,5,3,72.92202227934875,44.67353951890035,91.36752136752136,54.664341761115956
JOR,6,1,,,,37.142857142857146
JOR,6,2,,,,37.142857142857146
JOR,6,3,,,,37.142857142857146
JOR,7,1,,,,50.982142857142854
JOR,7,2,,,,50.982142857142854
JOR,7,3,,,,50.982142857142854
JPN,2,1,67.98469387755102,50.95693779904307,56.125,
JPN,2,2,67.98469387755102,50.95693779904307,56.125,
JPN,2,3,67.98469387755102,50.95693779904307,56.125,
JPN,3,1,,66.66666666666666,,46.14305750350631
JPN,3,2,,66.66666666666666,,46.14305750350631
JPN,3,3,,66.66666666666666,,46.14305750350631
JPN,4,1,70.20109689213893,62.16216216216216,55.690298507462686,49.09862142099682
JPN,4,2,70.20109689213893,62.16216216216216,55.690298507462686,49.09862142099682
JPN,4,3,70.20109689213893,62.16216216216216,55.690298507462686,49.09862142099682
JPN,5,1,66.48291069459758,53.446447507953344,57.64192139737992,53.2
JPN,5,2,66.48291069459758,53.446447507953344,57.64192139737992,53.2
JPN,5,3,66.48291069459758,53.446447507953344,57.64192139737992,53.2
JPN,6,1,,,,35.927367055771725
JPN,6,2,,,,35.927367055771725
JPN,6,3,,,,35.927367055771725
JPN,7,1,,,,50.72463768115942
JPN,7,2,,,,50.72463768115942
JPN,7,3,,,,50.72463768115942
KAZ,6,1,,,,53.93333333333333
KAZ,6,2,,,,53.93333333333333
KAZ,6,3,,,,53.93333333333333
KAZ,7,1,,,,49.16151809355693
KAZ,7,2,,,,49.16151809355693
KAZ,7,3,,,,49.16151809355693
KEN,7,1,,,,46.83127572016461
KEN,7,2,,,,46.83127572016461
KEN,7,3,,,,46.83127572016461
KGZ,4,1,79.38342967244701,55.13565891472868,60.549558390578994,50.83088954056696
KGZ,4,2,79.38342967244701,55.13565891472868,60.549558390578994,50.83088954056696
KGZ,4,3,79.38342967244701,55.13565891472868,60.549558390578994,50.83088954056696
KGZ,6,1,,,,61.46408839779005
KGZ,6,2,,,,61.46408839779005
KGZ,6,3,,,,61.46408839779005
KGZ,7,1,,,,66.2269129287599
KGZ,7,2,,,,66.2269129287599
KGZ,7,3,,,,66.2269129287599
KOR,2,1,84.18940609951846,75.70394207562349,50.32258064516129,
KOR,2,2,84.18940609951846,75.70394207562349,50.32258064516129,
KOR,2,3,84.18940609951846,75.70394207562349,50.32258064516129,
KOR,3,1,,75.54129911788291,,70.46296296296296
KOR,3,2,,75.54129911788291,,70.46296296296296
KOR,3,3,,75.54129911788291,,70.46296296296296
KOR,4,1,83.67546432062561,56.7191844300278,66.79280983916746,52.589641434262944
KOR,4,2,83.67546432062561,56.7191844300278,66.79280983916746,52.589641434262944
KOR,4,3,83.67546432062561,56.7191844300278,66.79280983916746,52.589641434262944
KOR,5,1,77.23102585487906,52.083333333333336,69.08333333333333,36.09022556390977
KOR,5,2,77.23102585487906,52.083333333333336,69.08333333333333,36.09022556390977
KOR,5,3,77.23102585487906,52.083333333333336,69.08333333333333,36.09022556390977
KOR,6,1,,,,49.148211243611584
KOR,6,2,,,,49.148211243611584
KOR,6,3,,,,49.148211243611584
KOR,7,1,,,,57.42971887550201
KOR,7,2,,,,57.42971887550201
KOR,7,3,,,,57.42971887550201
KWT,6,1,,,,31.05263157894737
KWT,6,2,,,,31.05263157894737
KWT,6,3,,,,31.05263157894737
LBN,6,1,,,,43.944954128440365
LBN,6,2,,,,43.944954128440365
LBN,6,3,,,,43.944954128440365
LBN,7,1,,,,37.83783783783784
LBN,7,2,,,,37.83783783783784
LBN,7,3,,,,37.83783783783784
LBY,6,1,,,,56.97976128697457
LBY,6,2,,,,56.97976128697457
LBY,6,3,,,,56.97976128697457
LBY,7,1,,,,49.54212454212454
LBY,7,2,,,,49.54212454212454
LBY,7,3,,,,49.54212454212454
LTU,3,1,,50.28312570781427,,35.27885862516213
LTU,3,2,,50.28312570781427,,35.27885862516213
LTU,3,3,,50.28312570781427,,35.27885862516213
LVA,3,1,,54.830053667262966,,44.52621895124195
LVA,3,2,,54.830053667262966,,44.52621895124195
LVA,3,3,,54.830053667262966,,44.52621895124195
MAC,7,1,,,,61.811023622047244
MAC,7,2,,,,61.811023622047244
MAC,7,3,,,,61.811023622047244
MAR,4,1,,,,48.74791318864774
MAR,4,2,,,,48.74791318864774
MAR,4,3,,,,48.74791318864774
MAR,5,1,44.568965517241374,38.75432525951557,93.02325581395348,54.75530932594644
MAR,5,2,44.568965517241374,38.75432525951557,93.02325581395348,54.75530932594644
MAR,5,3,44.568965517241374,38.75432525951557,93.02325581395348,54.75530932594644
MAR,6,1,,,,65.9090909090909
MAR,6,2,,,,65.9090909090909
MAR,6,3,,,,65.9090909090909
MAR,7,1,,,,51.33333333333333
MAR,7,2,,,,51.33333333333333
MAR,7,3,,,,51.33333333333333
MDA,3,1,,67.23044397463002,,60.86956521739131
MDA,3,2,,67.23044397463002,,60.86956521739131
MDA,3,3,,67.23044397463002,,60.86956521739131
MDA,4,1,68.33890746934225,38.242280285035626,68.22429906542055,57.40291262135923
MDA,4,2,68.33890746934225,38.242280285035626,68.22429906542055,57.40291262135923
MDA,4,3,68.33890746934225,38.242280285035626,68.22429906542055,57.40291262135923
MDA,5,1,64.75170399221032,55.19922254616132,75.07246376811594,60.27944111776448
MDA,5,2,64.75170399221032,55.19922254616132,75.07246376811594,60.27944111776448
MDA,5,3,64.75170399221032,55.19922254616132,75.07246376811594,60.27944111776448
MDV,7,1,,,,44.00386847195358
MDV,7,2,,,,44.00386847195358
MDV,7,3,,,,44.00386847195358
MEX,2,1,80.97527472527473,67.23433242506812,39.63538149898717,
MEX,2,2,80.97527472527473,67.23433242506812,39.63538149898717,
MEX,2,3,80.97527472527473,67.23433242506812,39.63538149898717,
MEX,3,1,,53.65344467640919,,55.47337278106509
MEX,3,2,,53.65344467640919,,55.47337278106509
MEX,3,3,,53.65344467640919,,55.47337278106509
MEX,4,1,79.09722222222221,58.00835654596101,70.87172218284904,56.18556701030928
MEX,4,2,79.09722222222221,58.00835654596101,70.87172218284904,56.18556701030928
MEX,4,3,79.09722222222221,58.00835654596101,70.87172218284904,56.18556701030928
MEX,5,1,83.96103896103895,70.45009784735812,66.97187704381949,64.13502109704642
MEX,5,2,83.96103896103895,70.45009784735812,66.97187704381949,64.13502109704642
MEX,5,3,83.96103896103895,70.45009784735812,66.97187704381949,64.13502109704642
MEX,6,1,,,,64.29667519181585
MEX,6,2,,,,64.29667519181585
MEX,6,3,,,,64.29667519181585
MEX,7,1,,,,55.77712609970674
MEX,7,2,,,,55.77712609970674
MEX,7,3,,,,55.77712609970674
MKD,3,1,,62.44493392070485,,50.91116173120729
MKD,3,2,,62.44493392070485,,50.91116173120729
MKD,3,3,,62.44493392070485,,50.91116173120729
MKD,4,1,78.93681043129388,64.40162271805275,82.4773413897281,47.68756423432682
MKD,4,2,78.93681043129388,64.40162271805275,82.4773413897281,47.68756423432682
MKD,4,3,78.93681043129388,64.40162271805275,82.4773413897281,47.68756423432682
MLI,5,1,81.25421443020903,77.27891156462586,77.06611570247934,49.28698752228164
MLI,5,2,81.25421443020903,77.27891156462586,77.06611570247934,49.28698752228164
MLI,5,3,81.25421443020903,77.27891156462586,77.06611570247934,49.28698752228164
MMR,7,1,,,,51.33333333333333
MMR,7,2,,,,51.33333333333333
MMR,7,3,,,,51.33333333333333
MNE,3,1,,76.71232876712328,,43.60189573459716
MNE,3,2,,76.71232876712328,,43.60189573459716
MNE,3,3,,76.71232876712328,,43.60189573459716
MNE,4,1,60.46025104602511,60.76352067868505,77.56613756613756,35.343035343035346
MNE,4,2,60.46025104602511,60.76352067868505,77.56613756613756,35.343035343035346
MNE,4,3,60.46025104602511,60.76352067868505,77.56613756613756,35.343035343035346
MNG,7,1,,,,54.15140415140415
MNG,7,2,,,,54.15140415140415
MNG,7,3,,,,54.15140415140415
MYS,5,1,61.86511240632806,53.288925895087424,87.2393661384487,48.62155388471178
MYS,5,2,61.86511240632806,53.288925895087424,87.2393661384487,48.62155388471178
MYS,5,3,61.86511240632806,53.288925895087424,87.2393661384487,48.62155388471178
MYS,6,1,,,,73.61538461538461
MYS,6,2,,,,73.61538461538461
MYS,6,3,,,,73.61538461538461
MYS,7,1,,,,60.396039603960396
MYS,7,2,,,,60.396039603960396
MYS,7,3,,,,60.396039603960396
NGA,2,1,77.83400809716599,58.739837398373986,60.87844739530133,
NGA,2,2,77.83400809716599,58.739837398373986,60.87844739530133,
NGA,2,3,77.83400809716599,58.739837398373986,60.87844739530133,
NGA,3,1,,59.75168132436627,,34.245840042941495
NGA,3,2,,59.75168132436627,,34.245840042941495
NGA,3,3,,59.75168132436627,,34.245840042941495
NGA,4,1,,,,46.21250635485511
NGA,4,2,,,,46.21250635485511
NGA,4,3,,,,46.21250635485511
NGA,6,1,,,,35.190449118817504
NGA,6,2,,,,35.190449118817504
NGA,6,3,,,,35.190449118817504
NGA,7,1,,,,41.254125412541256
NGA,7,2,,,,41.254125412541256
NGA,7,3,,,,41.254125412541256
NIC,7,1,,,,63.33333333333333
NIC,7,2,,,,63.33333333333333
NIC,7,3,,,,63.33333333333333
NIR,7,1,,,,64.7887323943662
NIR,7,2,,,,64.7887323943662
NIR,7,3,,,,64.7887323943662
NLD,5,1,,,,48.97750511247444
NLD,5,2,,,,48.97750511247444
NLD,5,3,,,,48.97750511247444
NLD,6,1,,,,45.2062754212667
NLD,6,2,,,,45.2062754212667
NLD,6,3,,,,45.2062754212667
NLD,7,1,,,,72.43367935409458
NLD,7,2,,,,72.43367935409458
NLD,7,3,,,,72.43367935409458
NOR,3,1,,75.31194295900178,,62.9695885509839
NOR,3,2,,75.31194295900178,,62.9695885509839
NOR,3,3,,75.31194295900178,,62.9695885509839
NOR,5,1,68.50393700787401,67.84660766961652,42.33791748526522,77.1964461994077
NOR,5,2,68.50393700787401,67.84660766961652,42.33791748526522,77.1964461994077
NOR,5,3,68.50393700787401,67.84660766961652,42.33791748526522,77.1964461994077
NZL,3,1,,54.85661424606846,,50.35677879714577
NZL,3,2,,54.85661424606846,,50.35677879714577
NZL,3,3,,54.85661424606846,,50.35677879714577
NZL,5,1,38.53541416566627,50.174621653084984,68.83116883116884,65.03496503496503
NZL,5,2,38.53541416566627,50.174621653084984,68.83116883116884,65.03496503496503
NZL,5,3,38.53541416566627,50.174621653084984,68.83116883116884,65.03496503496503
NZL,6,1,,,,52.49266862170088
NZL,6,2,,,,52.49266862170088
NZL,6,3,,,,52.49266862170088
NZL,7,1,,,,70.53140096618358
NZL,7,2,,,,70.53140096618358
NZL,7,3,,,,70.53140096618358
PAK,3,1,,,,49.711815561959654
PAK,3,2,,,,49.711815561959654
PAK,3,3,,,,49.711815561959654
PAK,4,1,,,,7.3896863370547585
PAK,4,2,,,,7.3896863370547585
PAK,4,3,,,,7.3896863370547585
PAK,6,1,,,,46.1082910321489
PAK,6,2,,,,46.1082910321489
PAK,6,3,,,,46.1082910321489
PAK,7,1,,,,42.88
PAK,7,2,,,,42.88
PAK,7,3,,,,42.88
PER,3,1,,63.30434782608696,,45.352112676056336
PER,3,2,,63.30434782608696,,45.352112676056336
PER,3,3,,63.30434782608696,,45.352112676056336
PER,4,1,80.90277777777779,56.3013698630137,71.7736369910283,60.847333820306794
PER,4,2,80.90277777777779,56.3013698630137,71.7736369910283,60.847333820306794
PER,4,3,80.90277777777779,56.3013698630137,71.7736369910283,60.847333820306794
PER,5,1,76.97690692792163,66.87719298245614,73.125,65.71632216678546
PER,5,2,76.97690692792163,66.87719298245614,73.125,65.71632216678546
PER,5,3,76.97690692792163,66.87719298245614,73.125,65.71632216678546
PER,6,1,,,,67.6418439716312
PER,6,2,,,,67.6418439716312
PER,6,3,,,,67.6418439716312
PER,7,1,,,,59.45144551519645
PER,7,2,,,,59.45144551519645
PER,7,3,,,,59.45144551519645
PHL,3,1,,55.74324324324324,,68.93874029335633
PHL,3,2,,55.74324324324324,,68.93874029335633
PHL,3,3,,55.74324324324324,,68.93874029335633
PHL,4,1,72.3874256584537,64.27969671440607,71.2721145745577,64.06660823838737
PHL,4,2,72.3874256584537,64.27969671440607,71.2721145745577,64.06660823838737
PHL,4,3,72.3874256584537,64.27969671440607,71.2721145745577,64.06660823838737
PHL,6,1,,,,64.1778523489933
PHL,6,2,,,,64.1778523489933
PHL,6,3,,,,64.1778523489933
PHL,7,1,,,,67.89297658862876
PHL,7,2,,,,67.89297658862876
PHL,7,3,,,,67.89297658862876
POL,3,1,,53.90404515522107,,48.60681114551084
POL,3,2,,53.90404515522107,,48.60681114551084
POL,3,3,,53.90404515522107,,48.60681114551084
POL,5,1,52.81615302869288,46.73796791443851,77.25823591923485,42.22474460839955
POL,5,2,52.81615302869288,46.73796791443851,77.25823591923485,42.22474460839955
POL,5,3,52.81615302869288,46.73796791443851,77.25823591923485,42.22474460839955
POL,6,1,,,,40.133037694013304
POL,6,2,,,,40.133037694013304
POL,6,3,,,,40.133037694013304
PRI,3,1,,82.01754385964912,,67.34875444839858
PRI,3,2,,82.01754385964912,,67.34875444839858
PRI,3,3,,82.01754385964912,,67.34875444839858
PRI,4,1,81.99718706047821,71.48936170212767,66.04584527220631,65.52706552706553
PRI,4,2,81.99718706047821,71.48936170212767,66.04584527220631,65.52706552706553
PRI,4,3,81.99718706047821,71.48936170212767,66.04584527220631,65.52706552706553
PRI,7,1,,,,66.6966696669667
PRI,7,2,,,,66.6966696669667
PRI,7,3,,,,66.6966696669667
PSE,6,1,,,,48.90282131661442
PSE,6,2,,,,48.90282131661442
PSE,6,3,,,,48.90282131661442
QAT,6,1,,,,64.04602109300096
QAT,6,2,,,,64.04602109300096
QAT,6,3,,,,64.04602109300096
ROU,3,1,,66.189111747851,,53.42323651452282
ROU,3,2,,66.189111747851,,53.42323651452282
ROU,3,3,,66.189111747851,,53.42323651452282
ROU,5,1,38.17733990147783,35.073710073710075,84.23312883435582,51.950464396284836
ROU,5,2,38.17733990147783,35.073710073710075,84.23312883435582,51.950464396284836
ROU,5,3,38.17733990147783,35.073710073710075,84.23312883435582,51.950464396284836
ROU,6,1,,,,37.331440738112136
ROU,6,2,,,,37.331440738112136
ROU,6,3,,,,37.331440738112136
ROU,7,1,,,,40.35087719298245
ROU,7,2,,,,40.35087719298245
ROU,7,3,,,,40.35087719298245
RUS,2,1,77.68331562167906,66.36069114470843,48.701298701298704,
RUS,2,2,77.68331562167906,66.36069114470843,48.701298701298704,
RUS,2,3,77.68331562167906,66.36069114470843,48.701298701298704,
RUS,3,1,,63.646170442286945,,56.07649599012955
RUS,3,2,,63.646170442286945,,56.07649599012955
RUS,3,3,,63.646170442286945,,56.07649599012955
RUS,5,1,,,,54.81823427582228
RUS,5,2,,,,54.81823427582228
RUS,5,3,,,,54.81823427582228
RUS,6,1,,,,55.368234250221825
RUS,6,2,,,,55.368234250221825
RUS,6,3,,,,55.368234250221825
RUS,7,1,,,,48.93617021276596
RUS,7,2,,,,48.93617021276596
RUS,7,3,,,,48.93617021276596
RWA,5,1,64.67730742539904,63.176144244105416,76.56988521269412,59.34515688949522
RWA,5,2,64.67730742539904,63.176144244105416,76.56988521269412,59.34515688949522
RWA,5,3,64.67730742539904,63.176144244105416,76.56988521269412,59.34515688949522
RWA,6,1,,,,22.134905042567123
RWA,6,2,,,,22.134905042567123
RWA,6,3,,,,22.134905042567123
SAU,4,1,,,,39.55870764381403
SAU,4,2,,,,39.55870764381403
SAU,4,3,,,,39.55870764381403
SGP,4,1,63.17204301075269,45.05050505050505,73.6,35.78167115902965
SGP,4,2,63.17204301075269,45.05050505050505,73.6,35.78167115902965
SGP,4,3,63.17204301075269,45.05050505050505,73.6,35.78167115902965
SGP,6,1,,,,42.71943176052765
SGP,6,2,,,,42.71943176052765
SGP,6,3,,,,42.71943176052765
SGP,7,1,,,,58.42050209205021
SGP,7,2,,,,58.42050209205021
SGP,7,3,,,,58.42050209205021
SLV,3,1,,83.99668325041459,,84.65473145780051
SLV,3,2,,83.99668325041459,,84.65473145780051
SLV,3,3,,83.99668325041459,,84.65473145780051
SRB,3,1,,72.0675105485232,,45.89331075359864
SRB,3,2,,72.0675105485232,,45.89331075359864
SRB,3,3,,72.0675105485232,,45.89331075359864
SRB,4,1,80.49678012879485,73.6007462686567,55.12239347234814,44.8589626933576
SRB,4,2,80.49678012879485,73.6007462686567,55.12239347234814,44.8589626933576
SRB,4,3,80.49678012879485,73.6007462686567,55.12239347234814,44.8589626933576
SRB,5,1,54.52930728241563,49.502262443438916,67.41573033707866,56.244689889549704
SRB,5,2,54.52930728241563,49.502262443438916,67.41573033707866,56.244689889549704
SRB,5,3,54.52930728241563,49.502262443438916,67.41573033707866,56.244689889549704
SRB,7,1,,,,46.93028095733611
SRB,7,2,,,,46.93028095733611
SRB,7,3,,,,46.93028095733611
SVK,2,1,75.48387096774194,58.06451612903226,59.78494623655914,
SVK,2,2,75.48387096774194,58.06451612903226,59.78494623655914,
SVK,2,3,75.48387096774194,58.06451612903226,59.78494623655914,
SVK,3,1,,54.11423039690223,,46.93675889328063
SVK,3,2,,54.11423039690223,,46.93675889328063
SVK,3,3,,54.11423039690223,,46.93675889328063
SVK,7,1,,,,52.79503105590062
SVK,7,2,,,,52.79503105590062
SVK,7,3,,,,52.79503105590062
SVN,3,1,,66.35706914344685,,47.48953974895397
SVN,3,2,,66.35706914344685,,47.48953974895397
SVN,3,3,,66.35706914344685,,47.48953974895397
SVN,5,1,70.34412955465586,54.42386831275721,59.794871794871796,53.89408099688473
SVN,5,2,70.34412955465586,54.42386831275721,59.794871794871796,53.89408099688473
SVN,5,3,70.34412955465586,54.42386831275721,59.794871794871796,53.89408099688473
SVN,6,1,,,,47.12871287128713
SVN,6,2,,,,47.12871287128713
SVN,6,3,,,,47.12871287128713
SWE,3,1,,83.76421923474663,,64.8854961832061
SWE,3,2,,83.76421923474663,,64.8854961832061
SWE,3,3,,83.76421923474663,,64.8854961832061
SWE,4,1,78.80597014925374,76.93069306930693,43.08617234468938,72.38883143743536
SWE,4,2,78.80597014925374,76.93069306930693,43.08617234468938,72.38883143743536
SWE,4,3,78.80597014925374,76.93069306930693,43.08617234468938,72.38883143743536
SWE,5,1,70.49345417925478,69.50354609929079,29.868819374369327,64.25661914460285
SWE,5,2,70.49345417925478,69.50354609929079,29.868819374369327,64.25661914460285
SWE,5,3,70.49345417925478,69.50354609929079,29.868819374369327,64.25661914460285
SWE,6,1,,,,64.27955133735979
SWE,6,2,,,,64.27955133735979
SWE,6,3,,,,64.27955133735979
THA,5,1,86.48825065274151,74.18300653594771,66.01307189542483,46.08695652173913
THA,5,2,86.48825065274151,74.18300653594771,66.01307189542483,46.08695652173913
THA,5,3,86.48825065274151,74.18300653594771,66.01307189542483,46.08695652173913
THA,6,1,,,,58.1787521079258
THA,6,2,,,,58.1787521079258
THA,6,3,,,,58.1787521079258
THA,7,1,,,,52.567567567567565
THA,7,2,,,,52.567567567567565
THA,7,3,,,,52.567567567567565
TJK,7,1,,,,43.666666666666664
TJK,7,2,,,,43.666666666666664
TJK,7,3,,,,43.666666666666664
TTO,5,1,74.67071935157041,59.33062880324543,78.14702920443102,58.93416927899686
TTO,5,2,74.67071935157041,59.33062880324543,78.14702920443102,58.93416927899686
TTO,5,3,74.67071935157041,59.33062880324543,78.14702920443102,58.93416927899686
TUN,6,1,,,,35.68118628359592
TUN,6,2,,,,35.68118628359592
TUN,6,3,,,,35.68118628359592
TUN,7,1,,,,34.99562554680665
TUN,7,2,,,,34.99562554680665
TUN,7,3,,,,34.99562554680665
TUR,2,1,,72.29524772497471,,
TUR,2,2,,72.29524772497471,,
TUR,2,3,,72.29524772497471,,
TUR,3,1,,79.7509474824039,,53.62554112554112
TUR,3,2,,79.7509474824039,,53.62554112554112
TUR,3,3,,79.7509474824039,,53.62554112554112
TUR,4,1,,,,68.42265529841657
TUR,4,2,,,,68.42265529841657
TUR,4,3,,,,68.42265529841657
TUR,5,1,83.57862122385747,78.15646785437646,72.6134585289515,56.215360253365
TUR,5,2,83.57862122385747,78.15646785437646,72.6134585289515,56.215360253365
TUR,5,3,83.57862122385747,78.15646785437646,72.6134585289515,56.215360253365
TUR,6,1,,,,52.01072386058981
TUR,6,2,,,,52.01072386058981
TUR,6,3,,,,52.01072386058981
TUR,7,1,,,,57.59139784946237
TUR,7,2,,,,57.59139784946237
TUR,7,3,,,,57.59139784946237
TWN,3,1,,85.6951871657754,,64.16893732970027
TWN,3,2,,85.6951871657754,,64.16893732970027
TWN,3,3,,85.6951871657754,,64.16893732970027
TWN,5,1,83.48323793949305,64.75878986099755,40.39247751430908,49.67213114754098
TWN,5,2,83.48323793949305,64.75878986099755,40.39247751430908,49.67213114754098
TWN,5,3,83.48323793949305,64.75878986099755,40.39247751430908,49.67213114754098
TWN,6,1,,,,62.563237774030355
TWN,6,2,,,,62.563237774030355
TWN,6,3,,,,62.563237774030355
TWN,7,1,,,,63.94112837285364
TWN,7,2,,,,63.94112837285364
TWN,7,3,,,,63.94112837285364
TZA,4,1,84.37775816416593,74.56140350877193,74.34869739478958,61.77007299270073
TZA,4,2,84.37775816416593,74.56140350877193,74.34869739478958,61.77007299270073
TZA,4,3,84.37775816416593,74.56140350877193,74.34869739478958,61.77007299270073
UGA,4,1,44.97409326424871,43.95161290322581,60.28084252758275,37.66632548618219
UGA,4,2,44.97409326424871,43.95161290322581,60.28084252758275,37.66632548618219
UGA,4,3,44.97409326424871,43.95161290322581,60.28084252758275,37.66632548618219
UKR,3,1,,55.565489494859186,,56.9814731134207
UKR,3,2,,55.565489494859186,,56.9814731134207
UKR,3,3,,55.565489494859186,,56.9814731134207
UKR,5,1,47.194719471947195,47.176079734219265,88.90063424947145,55.12010113780025
UKR,5,2,47.194719471947195,47.176079734219265,88.90063424947145,55.12010113780025
UKR,5,3,47.194719471947195,47.176079734219265,88.90063424947145,55.12010113780025
UKR,6,1,,,,48.4
UKR,6,2,,,,48.4
UKR,6,3,,,,48.4
UKR,7,1,,,,51.14235500878734
UKR,7,2,,,,51.14235500878734
UKR,7,3,,,,51.14235500878734
URY,3,1,,59.6292481977343,,63.986409966024915
URY,3,2,,59.6292481977343,,63.986409966024915
URY,3,3,,59.6292481977343,,63.986409966024915
URY,5,1,44.16846652267819,42.934782608695656,82.03781512605042,48.91676168757127
URY,5,2,44.16846652267819,42.934782608695656,82.03781512605042,48.91676168757127
URY,5,3,44.16846652267819,42.934782608695656,82.03781512605042,48.91676168757127
URY,6,1,,,,69.70684039087948
URY,6,2,,,,69.70684039087948
URY,6,3,,,,69.70684039087948
URY,7,1,,,,69.5837780149413
URY,7,2,,,,69.5837780149413
URY,7,3,,,,69.5837780149413
USA,3,1,,55.87837837837838,,52.34708392603129
USA,3,2,,55.87837837837838,,52.34708392603129
USA,3,3,,55.87837837837838,,52.34708392603129
USA,4,1,69.30193439865432,61.00840336134454,57.251264755480605,60.79105760963026
USA,4,2,69.30193439865432,61.00840336134454,57.251264755480605,60.79105760963026
USA,4,3,69.30193439865432,61.00840336134454,57.251264755480605,60.79105760963026
USA,5,1,51.4379622021364,50.5358615004122,64.82246077621801,54.25971877584781
USA,5,2,51.4379622021364,50.5358615004122,64.82246077621801,54.25971877584781
USA,5,3,51.4379622021364,50.5358615004122,64.82246077621801,54.25971877584781
USA,6,1,,,,38.07339449541284
USA,6,2,,,,38.07339449541284
USA,6,3,,,,38.07339449541284
USA,7,1,,,,53.25790089738588
USA,7,2,,,,53.25790089738588
USA,7,3,,,,53.25790089738588
UZB,6,1,,,,66.35780470420526
UZB,6,2,,,,66.35780470420526
UZB,6,3,,,,66.35780470420526
UZB,7,1,,,,55.873925501432666
UZB,7,2,,,,55.873925501432666
UZB,7,3,,,,55.873925501432666
VEN,3,1,,64.46568201563856,,45.386766076421246
VEN,3,2,,64.46568201563856,,45.386766076421246
VEN,3,3,,64.46568201563856,,45.386766076421246
VEN,4,1,,,,70.01763668430335
VEN,4,2,,,,70.01763668430335
VEN,4,3,,,,70.01763668430335
VEN,7,1,,,,37.983193277310924
VEN,7,2,,,,37.983193277310924
VEN,7,3,,,,37.983193277310924
VNM,4,1,96.04166666666667,90.39487726787621,37.85249457700651,60.85561497326203
VNM,4,2,96.04166666666667,90.39487726787621,37.85249457700651,60.85561497326203
VNM,4,3,96.04166666666667,90.39487726787621,37.85249457700651,60.85561497326203
VNM,5,1,96.24645892351275,90.77809798270894,47.59511844938981,59.7212543554007
VNM,5,2,96.24645892351275,90.77809798270894,47.59511844938981,59.7212543554007
VNM,5,3,96.24645892351275,90.77809798270894,47.59511844938981,59.7212543554007
VNM,7,1,,,,71.72643869891576
VNM,7,2,,,,71.72643869891576
VNM,7,3,,,,71.72643869891576
YEM,6,1,,,,38.32752613240418
YEM,6,2,,,,38.32752613240418
YEM,6,3,,,,38.32752613240418
ZAF,3,1,,42.608695652173914,,29.1527931927488
ZAF,3,2,,42.608695652173914,,29.1527931927488
ZAF,3,3,,42.608695652173914,,29.1527931927488
ZAF,4,1,52.67988252569751,41.75502742230348,77.98628653915554,35.30478955007257
ZAF,4,2,52.67988252569751,41.75502742230348,77.98628653915554,35.30478955007257
ZAF,4,3,52.67988252569751,41.75502742230348,77.98628653915554,35.30478955007257
ZAF,5,1,53.69549150036955,46.3944076526858,77.5207806288399,30.897855325336245
ZAF,5,2,53.69549150036955,46.3944076526858,77.5207806288399,30.897855325336245
ZAF,5,3,53.69549150036955,46.3944076526858,77.5207806288399,30.897855325336245
ZAF,6,1,,,,36.930048145001415
ZAF,6,2,,,,36.930048145001415
ZAF,6,3,,,,36.930048145001415
ZMB,5,1,49.193548387096776,44.72727272727273,68.38288614938361,37.37151248164464
ZMB,5,2,49.193548387096776,44.72727272727273,68.38288614938361,37.37151248164464
ZMB,5,3,49.193548387096776,44.72727272727273,68.38288614938361,37.37151248164464
ZWE,4,1,69.1817215727949,46.178686759956946,69.75763962065332,35.56701030927835
ZWE,4,2,69.1817215727949,46.178686759956946,69.75763962065332,35.56701030927835
ZWE,4,3,69.1817215727949,46.178686759956946,69.75763962065332,35.56701030927835
ZWE,6,1,,,,38.266666666666666
ZWE,6,2,,,,38.266666666666666
ZWE,6,3,,,,38.266666666666666
ZWE,7,1,,,,53.8971807628524
ZWE,7,2,,,,53.8971807628524
ZWE,7,3,,,,53.8971807628524
